i,v
fetchai/uagents,0.04375
zkonduit/ezkl,0.04375
lagrange-labs/deep-prove,0.04375
gensyn-ai/rl-swarm,0.04375
elizaos/eliza,0.04375
game-by-virtuals/game-python,0.04375
game-by-virtuals/game-node,0.04375
ritual-net/infernet-sdk,0.04375
ritual-net/infernet-node,0.04375
primeintellect-ai/opendiloco,0.04375
primeintellect-ai/verifiers,0.04375
opentensor/bittensor,0.04375
opentensor/subtensor,0.04375
phala-network/phala-blockchain,0.04375
singnet/snet-daemon,0.04375
sentient-agi/roma,0.04375
salzubi401/roma,0.02727272727272727
opentensor/subtensor_exodus,0.02727272727272727
opentensor/subtensorv3,0.02727272727272727
opentensor/bittensor-substrate,0.02727272727272727
willccbb/verifiers,0.02727272727272727
lalalune/eliza,0.02727272727272727
rubyresearch/agent,0.02727272727272727
rubyresearch/eliza,0.02727272727272727
rubyresearch/rubyagent,0.02727272727272727
ai16z/eliza,0.02727272727272727
jasonmorton/halo2deeplearning,0.02727272727272727
